Model,CV ROC-AUC,Test Accuracy,Test Precision,Test Recall,Test F1,Test ROC-AUC
Logistic Regression,0.8360731171227689,0.7341989557570762,0.2998974358974359,0.762252346193952,0.4304431031944649,0.8204779608513049
Random Forest,0.9783490307388643,0.8542868920032977,0.4071363220494053,0.23201251303441084,0.295582862836267,0.802324836412884
XGBoost,0.9719259006359572,0.8666529266281946,0.48391608391608393,0.18039624608967675,0.2628180782377516,0.8208269134201585
